ç¶²ç´…,ig å¸³è™Ÿ,é¡å‹,è¿½è¹¤æ•¸ï¼ˆè¬ï¼‰
Yunaæ‚ é‚£,yuna.yu.yuna,ç¾å¦,1.4
Celeste Wu å¤§æ²›,celestebigpei,ç¾å¦,4.2
EVALIN,evalin555,ç¾å¦,5.6
Dr. Grace,itsdrgrace,ç¾å¦,7.5
yueh æ¨‚æ¨‚,yueh.07,ç¾å¦,1.88
pinky,pinkydontstop,ç¾å¦,2.5
BOMBOM è¹¦è¹¦,bom__1314,ç¾å¦,1.2
è‘›ç‘çµ²GraceeeeeğŸ¤˜ğŸ»,gracechang602,ç¾å¦,2.4
é´¨é´¨YAYA,yaya_makeup_lab,ç¾å¦,8.7
Oprah,fun_with_oprah,ç¾å¦,2.4
å…©åƒ,2000_riley,ç¾å¦,2.9
é¦¬æ¢“è±ª Marco,marco801027,ç¾å¦,9
sá´›á´€Ê€ å­ä¸–å°‘å¥³,22___star,ç¾å¦,2.6
yiya,cos.uia,ç¾å¦,5.4
ç‹å‡±ç‰¹,kate0410_,ç¾å¦,4
è˜‡å“å¦‚,pin_ju8888,ç¾å¦,1.3
å¤šè‰âœ¨Doris,doris60777,ç¾å¦,1.8
Yuna Tsai,kimblueice,ç¾å¦,2.3
æ¡‚å­,borsalinomia,ç¾å¦,1.6
è¿ªäº Dia,yahey_dia,ç¾å¦,1
ç†Šçˆ¸ä¼°ç‹—,goodgood.dog,å¯µç‰©,2
é»ƒé‡‘çµçŠ¬Peko&Guguman,pekojujuu,å¯µç‰©,2.1
å¾·å”å¯µç‰©è¯åˆåœ‹ï¼å¾·å”,derspetunion,å¯µç‰©,3.8
å¤šæ¯”Dobby is freeâ˜ï¸,dobby_itssofluffy,å¯µç‰©,4.9
è·åŒ…è›‹ã®ä¸€å¤©ğŸ³ğŸ¶,eggdog0821,å¯µç‰©,2
å¯¶,zumiden_life,å¯µç‰©,5.1
æ‹‰æŸ¥èŠ±,lachahua.cat,å¯µç‰©,6.5
è‚¥è‚šè‚šå•Šè‚¥,fatduduahfat,å¯µç‰©,2.3
æ»·è‚‰ï¼ˆå°èªï¼‰loobah ãƒ­ãƒã‚™ãƒ³,loobah2016,å¯µç‰©,1.2
ğ““ğ“¸ğ“¯ğ“¯ğ”‚ æ—è›‹æ—¥å¸¸à¸…^â€¢á´¥â€¢^à¸…,alishaxdoffy,å¯µç‰©,1.2
å‚²å¬Œçˆ¸çš„é¤Šè²“æ—¥å¸¸,uni_catto,å¯µç‰©,5.4
è‡­å’ª,mi1020902,å¯µç‰©,2.1
Baijiji,iambaijiji,å¯µç‰©,8.9
è‚¥å®…è…°å­çš„æ—¥å¸¸,yochicat,å¯µç‰©,1.2
æ–‘æ–‘ğŸ¥–,lechat_painpain,å¯µç‰©,8.7
æŸ´çŠ¬Halu,halu480,å¯µç‰©,6.9
å®‡å®™è²“å’ª,pawbooom.cat,å¯µç‰©,7.6
æ‹‰å§†æœ‰å¹¾å™—,lamuncats,å¯µç‰©,8.6
åŠ‰è‚¥å®¶æ—â€™sçè²´å°babeç„¡é‡Œé ­æˆé•·ç´€éŒ„ğŸ¼ğŸ‡­ğŸ‡°,luffy.laufyfamily,å¯µç‰©,8.8
Mac,mrmacmeow,å¯µç‰©,1
,,,
WNBF Pro Zack,zackchiou,å¥èº«,7.53
è‚‰è¿ª Pan Hsi,aaa_rody,å¥èº«,6.14
IFBB PRO,0226_wang_ifbbpro,å¥èº«,2.36
Ga Ga,0916_ga_ga,å¥èº«,2.1
Flow With Katie å‡±è’‚ç‘œä¼½,flowwithkatie,å¥èº«,6.99
Anita é™³æ–¹å¦¤,anita_ifbbpro,å¥èº«,6.72
é™³è‚²æ¶µHannah,hannahwish,å¥èº«,6.75
å¤ç±³é›… Miya Yoga,miya__xia,å¥èº«,5.24
Allen Wu Yoga,allenwuyoga,å¥èº«,1.45
ğŠğšğ§ğ§ğšä½³å¨œ,kanna.s4134,å¥èº«,1.89
è±†æ¼¿ Â· ç©ºä¸­ç‘œä¼½Aerial Yoga,soymilk_aerialyoga,å¥èº«,3.68
Claire C.,clairecphysio,å¥èº«,3.45
Cindy Chiu,hi__cindy,å¥èº«,7.41
Erin æ¬¸æ½¤,eyhomeworkouts,å¥èº«,1.12
æ²»ç™‚å¸«ç‘ªå¥‡,supermaggie.art,å¥èº«,1.5
è–‡å®‰Vivian,vvn124,å¥èº«,2.19
Kai Chang æ¥·æ•™ç·´,kaichang916,å¥èº«,9.35
Cara,cara__tian,å¥èº«,1.51
æ¢…è¾£,mera_caii,å¥èº«,3.46
æXing,xing_622,å¥èº«,6.5
3C Tim å“¥,3ctim,ç§‘æŠ€,9.9
Linzin é˜¿å“²,linzin.yt,ç§‘æŠ€,2.82
æœå¦¹,apple_meii,ç§‘æŠ€,6.4
ç˜‹å…ˆç”Ÿ - iPhone ç§‘æŠ€çŸ¥è­˜æŠ€å·§åª’é«”,mrmadtw,ç§‘æŠ€,1.06
å®œå³¯ Chris,techrisss,ç§‘æŠ€,4.12
APPLEFANS è˜‹æœè¿·,https://www.instagram.com/applefans.today/#,ç§‘æŠ€,1.93
Apple Dad è˜‹æœçˆ¹,apple_dadd,ç§‘æŠ€,6.91
è«å¨œ Moana,moana_inthewood,ç§‘æŠ€,3.81
æˆ‘æ˜¯è€çˆ¸ï¼Œæˆ‘ä¸è¦ç•¶çˆ¸,daddy.iam,ç§‘æŠ€,10
Jing,jing4966,ç§‘æŠ€,1.7
èˆˆè¶£ä½¿ç„¶çš„æ”å½±å¸« Enzo,enzos.fotography,ç§‘æŠ€,2.6
Allen,mensgametw,ç§‘æŠ€,3
TechTellerç§‘æŠ€èªª,techteller_3c,ç§‘æŠ€,0.86
Louis æ”å½±å¸«,louishsieh.mov,ç§‘æŠ€,1.87
è—è«¾| æ”å½±å­¸é™¢ ğŸ¥,eleanor.director,ç§‘æŠ€,8.61
ç¾…å¡Rocca,roccarocca45,ç§‘æŠ€,1.89
å¡”ç§‘å¥³å­,tech.girlz,ç§‘æŠ€,2.4
é‚¦å°¼å¹«ä½ ,isbonny,ç§‘æŠ€,0.74
é˜¿åº· GOODSKANG,goodskang,ç§‘æŠ€,0.52
ç§‘æŠ€æ—…äººæ¯›å·¾ Vincent,techer_vincent1123,ç§‘æŠ€,1.02
æ¶µ,lexiedaily85,ç¾é£Ÿ,4.9
æ½”è¥¿,jessie_foodie_,ç¾é£Ÿ,2.1
Tony,enping0928,ç¾é£Ÿ,1.7
Joey food & life,missjoey__food,ç¾é£Ÿ,2.4
åƒè²¨å¡ã®æ—¥å¸¸,ray_foodie________,ç¾é£Ÿ,5.1
è‚¯ç‰¹,kn.t21,ç¾é£Ÿ,7.8
Meikoæ„›åƒé¬¼,food__meiko,ç¾é£Ÿ,5.7
ğ’œğ“ƒğ‘”ğ‘’ğ“é£Ÿç‰©å¡è·¯é‡Œ,angel__calories,ç¾é£Ÿ,3.5
å‡±å€«åƒè²¨æ—¥å¸¸,zero.foodielife,ç¾é£Ÿ,2.9
æ›¾è²¢è²¢,september__5,ç¾é£Ÿ,3.6
Cloud èŠ,cloudfoodie,ç¾é£Ÿ,1.7
11é£Ÿæ—…æ—¥å¸¸,11_yumyum,ç¾é£Ÿ,2
ç…¦é‚£çš®,google.foodie,ç¾é£Ÿ,5.8
è›‹è«‡ç¾é£Ÿ,1ggfood,ç¾é£Ÿ,2.2
Changyuå°å®‡åˆ°è™•åƒ,kevinchen0119,ç¾é£Ÿ,1.7
åšèˆŒå¯Œ,lazy.food,ç¾é£Ÿ,1.6
é˜¿BOèªªé£Ÿè©±,bo__food,ç¾é£Ÿ,4.6
ğ—”ğ—»â€™ğ˜€ç¾é£Ÿå°æ—¥èªŒ,anan.foodie,ç¾é£Ÿ,1.3
è”¡è”¡,___foodiary___,ç¾é£Ÿ,7.9
ç…™å·ç¾é£Ÿæ—¥è¨˜,97_food,ç¾é£Ÿ,1.2
ä»Šã€‚æ™š è³ªæ„Ÿæ—…äºº,tonight_2450,æ—…éŠ,3.3
ä½åœ¨å€«æ•¦çš„å…©å€‹è¡Œæç®±,london.travelcases,æ—…éŠ,3.3
cher,cherstraveldiary,æ—…éŠ,1.7
Eily,eilyslife,æ—…éŠ,3.2
Hans Lin æ¼¢æ–¯æ—…è¡Œæ—¥å¸¸,hans_lhs,æ—…éŠ,3
æ—å®£,xuanlin_travel,æ—…éŠ,6.9
åœ“ç³–æ··å“ªè£¡,roundcandytv,æ—…éŠ,1.2
æœ¬è³ªæ—…è¡Œ,essence.travel,æ—…éŠ,2.1
Kimmyæ¡æ¡æ‰‹,kmystagram_,æ—…éŠ,3.8
æ—…éŠçœŸå°ç£ Lena & Patrick,trailblazer.tw,æ—…éŠ,1.9
Spice Travel è¾£æ—…éŠ,spicetaiwan,æ—…éŠ,7.3
è‡ºç£æ—…äººèªŒ,taiwan_traveler,æ—…éŠ,5.3
Ireneéº»ç³¬,irenejian,æ—…éŠ,10.3
æ—…è¡ŒYJ,yjjaney,æ—…éŠ,8.1
å³æ¢—æ¢—,mbn0619,æ—…éŠ,1.4
æ³¢ç³é”æ—…è¡Œä¸­,belindagotravel,æ—…éŠ,2.7
å‡±è¥¿å¥³å­©å»æ—…,caseygotravel,æ—…éŠ,1
å‚‘æ£®,jatraveling,æ—…éŠ,5.5
è‰¾ç³,foodtour_iren,æ—…éŠ,2.8
é»‘çš®çš„æ—…éŠç­†è¨˜,happytravel0913,æ—…éŠ,2.5